<launch4jConfig>
  <dontWrapJar>false</dontWrapJar>
  <headerType>console</headerType>
  <jar>D:\Allen\java\myExpect4j\assemble\myExpect4j\GenList.jar</jar>
  <outfile>C:\Documents and Settings\allen\Desktop\Demo\Creature.exe</outfile>
  <errTitle></errTitle>
  <cmdLine></cmdLine>
  <chdir></chdir>
  <priority>normal</priority>
  <downloadUrl>http://java.com/download</downloadUrl>
  <supportUrl></supportUrl>
  <customProcName>true</customProcName>
  <stayAlive>false</stayAlive>
  <manifest></manifest>
  <icon>D:\Allen\java\myExpect4j\ico\Smile-Creature.ico</icon>
  <singleInstance>
    <mutexName>GenList</mutexName>
    <windowTitle></windowTitle>
  </singleInstance>
  <jre>
    <path>C:/Program Files/Java/jdk1.6.0_22/jre/</path>
    <minVersion>1.6.0</minVersion>
    <maxVersion></maxVersion>
    <jdkPreference>preferJre</jdkPreference>
    <initialHeapSize>256</initialHeapSize>
    <maxHeapSize>512</maxHeapSize>
  </jre>
</launch4jConfig>